ID,ra,dec,Angular size,experiment,Wavelength 1,Wavelength 2,Processed by:,"Notes (Bluer region, nice looking, clear data etc)",Cosmos imaging url (not for the colour gradient program!!),,,,,,,,,,,,
317570,149.58645,1.769332,3.84106,Subaru (Mosaics),V,B,Ishbel,"Smooth decrease for both,  wee kink near outer in percentages but mostly constant",http://zoo-hst.s3.amazonaws.com/20026983.jpg,"For people doing the image analysis, Im making this spreadsheet as a way to keep tabs on what everyone has done. Just put your name in the processed column and the filters and experiments you used. Please save the graphs in a folder under the object ID so its easy to keep tabs on things. Thanks!",,,,,,,,,,,
348646,149.691796,1.818196,5.09433,Subaru (Mosaics),V,B,Ishbel,"Constant ish blue, decreasing red",http://zoo-hst.s3.amazonaws.com/20038920.jpg,,,,,,,,,,,,
936196,149.767656,2.719143,5.49352,Subaru (Mosaics),V,B,Ishbel,R>B however near edge B increases,http://zoo-hst.s3.amazonaws.com/20182709.jpg,,,,,,,,,,,,
343337,149.807896,1.810425,4.91649,Subaru (Mosaics),V,B,Ishbel,The point wasn't on an object ,http://zoo-hst.s3.amazonaws.com/20046131.jpg,,,,,,,,,,,,
348345,149.834723,1.817641,3.45851,Subaru (Mosaics),V,B,Ishbel,Both decrease,http://zoo-hst.s3.amazonaws.com/20045324.jpg,,,,,,,,,,,,
911899,149.890549,2.682386,4.99962,Subaru (Mosaics),V,B,Ishbel,Decrease as radius increases,http://zoo-hst.s3.amazonaws.com/20048716.jpg,,,,,,,,,,,,
829342,149.910655,2.554647,4.30458,Subaru (Mosaics),V,B,Ishbel,"Smooth decrease for both, blue has higher 20% near center and then decreases to 10% ",http://zoo-hst.s3.amazonaws.com/20177485.jpg,,,,,,,,,,,,
922130,149.930632,2.699445,4.50447,Subaru (Mosaics),V,B,Ishbel,"Both decrease as radius increases, and perhaps show a star burst region",http://zoo-hst.s3.amazonaws.com/20179910.jpg,,,,,,,,,,,,
298256,149.937424,1.738907,4.22294,Subaru (Mosaics),V,B,Ishbel,"Both decrease as radius increases, perhaps showing a star burst region",http://zoo-hst.s3.amazonaws.com/20010754.jpg,,,,,,,,,,,,
880457,150.00464,2.632771,4.3685,Subaru (Mosaics),V,B,Ishbel,Same weird kink as before,http://zoo-hst.s3.amazonaws.com/20010751.jpg,,,,,,,,,,,,
884940,150.034292,2.641139,4.00503,Subaru (Mosaics),V,B,Ishbel,"General trend of decreasing as the radius increases, red is higher than blue throughout by same amount.",http://zoo-hst.s3.amazonaws.com/20023503.jpg,,,,,,,,,,,,
309063,150.044022,1.756738,3.73591,Subaru (Mosaics),V,B,Ishbel,"ALmost a straight line decrease. Weird kink again,  could be from over estimating radius so measuring general background.",http://zoo-hst.s3.amazonaws.com/20179964.jpg,,,,,,,,,,,,
890018,150.060644,2.647977,5.11696,Subaru (Mosaics),V,B,Ishbel,Bluer center and redder further out!! Both decrease with radius,http://zoo-hst.s3.amazonaws.com/20152100.jpg,,,,,,,,,,,,
342587,150.222731,1.807163,4.13627,Subaru (Mosaics),V,B,Ishbel,"General trend of decreasing as the radius increases, red is higher than blue throughout by same amount.",http://zoo-hst.s3.amazonaws.com/20016046.jpg,,,,,,,,,,,,
317720,150.22836,1.767279,4.47487,Subaru (Mosaics),V,B,Ishbel,Almost constant percentages through out,http://zoo-hst.s3.amazonaws.com/20170298.jpg ,Image looks really blue. ALmost like a merger,,,,,,,,,,,
316931,150.24255,1.766383,4.91807,Subaru (Mosaics),V,B,Ishbel,Redder through out,http://zoo-hst.s3.amazonaws.com/20016854.jpg,,,,,,,,,,,,
301078,150.280011,1.743833,3.77385,Subaru (Mosaics),V,B,Ishbel,Becomes % wise a lot redder moving further out,http://zoo-hst.s3.amazonaws.com/20181138.jpg,,,,,,,,,,,,
900827,150.402281,2.667365,5.77574,Subaru (Mosaics),V,B,Ishbel,Bluer center and redder further out!! Both decrease with radius,http://zoo-hst.s3.amazonaws.com/20010877.jpg,,,,,,,,,,,,
342090,150.756721,1.806852,37.30685,Subaru (Mosaics),V,B,Ishbel,"General trend of decreasing as the radius increases, red is higher than blue throughout by same amount.",http://zoo-hst.s3.amazonaws.com/20183263.jpg,,,,,,,,,,,,
914962,150.603671,2.686562,5.82056,Subaru (Mosaics),V,B,Josh,"Does look very blue, has a bump half way out but no significant blue band",http://zoo-hst.s3.amazonaws.com/20166322.jpg,,,,,,,,,,,,
1011872,149.50862,2.840288,29.48294,Subaru (Mosaics),V,B,Josh,"very small, no obvious star forming region",http://zoo-hst.s3.amazonaws.com/20199857.jpg,,,,,,,,,,,,
423348,150.607116,1.935088,5.8956,Subaru (Mosaics),V,B,Josh,Center pixel is dimmer than the region immediately outside,http://zoo-hst.s3.amazonaws.com/20028010.jpg,,,,,,,,,,,,
533239,150.046645,2.10814,4.3542,Subaru (Mosaics),V,B,Josh,"smooth downward trend, nothing special. Has  a constant emission immediately outside the core",http://zoo-hst.s3.amazonaws.com/20066960.jpg,,,,,,,,,,,,
729517,150.28775,2.404382,4.25226,Subaru (Mosaics),V,B,Josh,"smooth downward trend, nothing special",http://zoo-hst.s3.amazonaws.com/20114770.jpg,,,,,,,,,,,,
809167,150.624618,2.540308,7.73407,Subaru (Mosaics),V,B,Josh,"Brighter region around core, higher blue percentage in this region",http://zoo-hst.s3.amazonaws.com/20137650.jpg,Looked at the cosmos image and appears to have a secondary source behind the disk,,,,,,,,,,,
810765,150.122074,2.525805,5.26499,Subaru (Mosaics),V,B,Josh,"Smooth downward trend, percentage blue gets higher for a region half way through disk",http://zoo-hst.s3.amazonaws.com/20149728.jpg,,,,,,,,,,,,
450055,149.738388,1.97877,4.64445,Subaru (Mosaics),V,B,Josh,"Smooth downward trend, red percent gets bigger",http://zoo-hst.s3.amazonaws.com/20072723.jpg,,,,,,,,,,,,
529855,150.17983,2.110333,6.38015,Subaru (Mosaics),V,B,Josh,"downward trend, high central blue percentage but two nuclei present so I don’t think this is a good galaxy to analyse",http://zoo-hst.s3.amazonaws.com/20063531.jpg,Looks like its got a galaxy infront/behind. Definitely two galactic nuclei present in the image,,,,,,,,,,,
419317,150.327249,1.92855,4.53412,Subaru (Mosaics),V,B,Josh,Brighter blue than red in the center region!!!!!!!!!!!!,http://zoo-hst.s3.amazonaws.com/20033437.jpg,,,,,,,,,,,,
418640,150.518772,1.92652,7.50107,Subaru (Mosaics),V,B,Josh,"Smooth downward trend, constant percentage (boring yawn get better material etc etc)",http://zoo-hst.s3.amazonaws.com/20218710.jpg,galaxy merger? Funky,,,,,,,,,,,
530967,150.224389,2.105603,4.36778,Subaru (Mosaics),V,B,Josh,"Region outside core is equally bright, ",http://zoo-hst.s3.amazonaws.com/20063563.jpg,"Very close to another source, had to use a small radius",,,,,,,,,,,
516335,150.427196,2.083077,4.90272,Subaru (Mosaics),V,B,Josh,Smooth downward etc,http://zoo-hst.s3.amazonaws.com/20056914.jpg,,,,,,,,,,,,
786830,150.37981,2.490185,7.85036,Subaru (Mosaics),V,B,Josh,"Same old, higher blue percent on the inner ring",http://zoo-hst.s3.amazonaws.com/20144874.jpg,,,,,,,,,,,,
560030,150.488415,2.150438,3.98277,Subaru (Mosaics),V,B,Josh,High' blue percentage until close to outside,http://zoo-hst.s3.amazonaws.com/20084423.jpg,,,,,,,,,,,,
759837,150.055588,2.449167,5.25415,Subaru (Mosaics),V,B,Josh,"downward trend, constant ish percentage over much of the disk",http://zoo-hst.s3.amazonaws.com/20122085.jpg,Has a lil blue thing under the disk off to the right in the picture,,,,,,,,,,,
547496,150.422843,2.128753,5.25252,Subaru (Mosaics),V,B,Josh,Elevated blue percentage until far edge of disk,http://zoo-hst.s3.amazonaws.com/20085566.jpg,,,,,,,,,,,,
739711,150.021063,2.420373,4.18523,Subaru (Mosaics),V,B,Josh,Percentage tapers off slower,http://zoo-hst.s3.amazonaws.com/20121429.jpg,,,,,,,,,,,,
547306,150.288027,2.131832,3.99593,Subaru (Mosaics),V,B,Josh,"slight uptick in blue perentage right at the edge of the disk, otherwise completely normal",http://zoo-hst.s3.amazonaws.com/20089247.jpg,,,,,,,,,,,,
800486,149.920248,2.514216,3.50346,,,,,,http://zoo-hst.s3.amazonaws.com/20153793.jpg,,,,,,,,,,,,
795779,149.938388,2.505937,6.70631,,,,,,http://zoo-hst.s3.amazonaws.com/20153846.jpg,,,,,,,,,,,,
797081,150.544708,2.507246,3.58285,,,,,,http://zoo-hst.s3.amazonaws.com/20140824.jpg,,,,,,,,,,,,
400930,150.245178,1.900049,4.80363,,,,,,http://zoo-hst.s3.amazonaws.com/20034493.jpg,,,,,,,,,,,,
403300,149.830573,1.902144,4.82012,,,,,,http://zoo-hst.s3.amazonaws.com/20043687.jpg,,,,,,,,,,,,
475972,149.526013,2.020502,4.60477,,,,,,http://zoo-hst.s3.amazonaws.com/20077710.jpg,,,,,,,,,,,,
737604,149.997374,2.416185,5.26114,,,,,,http://zoo-hst.s3.amazonaws.com/20121453.jpg,,,,,,,,,,,,
554361,149.781896,2.139093,7.16213,,,,,,http://zoo-hst.s3.amazonaws.com/20099350.jpg,,,,,,,,,,,,
505243,149.737681,2.065205,5.64865,,,,,,http://zoo-hst.s3.amazonaws.com/20071148.jpg,,,,,,,,,,,,
428515,149.890779,1.943589,4.69695,,,,,,http://zoo-hst.s3.amazonaws.com/20044306.jpg,,,,,,,,,,,,
541830,149.71438,2.121671,5.94566,,,,,,http://zoo-hst.s3.amazonaws.com/20073708.jpg,,,,,,,,,,,,
470509,150.222529,2.011668,5.24835,,,,,,http://zoo-hst.s3.amazonaws.com/20065452.jpg,,,,,,,,,,,,
806711,149.92605,2.526277,5.70232,,,,,,http://zoo-hst.s3.amazonaws.com/20153664.jpg,,,,,,,,,,,,
487555,149.59587,2.040723,3.77581,,,,,,http://zoo-hst.s3.amazonaws.com/20075961.jpg,,,,,,,,,,,,
450904,150.239472,1.983735,5.68852,,,,,,http://zoo-hst.s3.amazonaws.com/20062817.jpg,,,,,,,,,,,,
572088,150.634782,2.165636,5.35748,,,,,,http://zoo-hst.s3.amazonaws.com/20081304.jpg,,,,,,,,,,,,
593404,149.912464,2.200336,3.79867,,,,,,http://zoo-hst.s3.amazonaws.com/20095867.jpg,,,,,,,,,,,,
420847,150.143696,1.930357,4.45467,,,,,,http://zoo-hst.s3.amazonaws.com/20037801.jpg,,,,,,,,,,,,
847062,149.477202,2.582377,3.8978,Subaru (Mosaics),V,B,Teo,both decrease,http://zoo-hst.s3.amazonaws.com/20160973.jpg,,,,,,,,,,,,
837822,150.683161,2.574614,5.92338,Subaru (Mosaics),V,B,Teo,more blue than red,http://zoo-hst.s3.amazonaws.com/20135162.jpg,,,,,,,,,,,,
230785,150.231883,1.627976,5.21074,,,,,,http://zoo-hst.s3.amazonaws.com/20012450.jpg,,,,,,,,,,,,
837651,150.196053,2.569044,4.45627,,,,,,http://zoo-hst.s3.amazonaws.com/20147038.jpg,,,,,,,,,,,,
834892,149.796202,2.564102,3.64846,Subaru (Mosaics),V,B,Teo,more blue than red,http://zoo-hst.s3.amazonaws.com/20155800.jpg,,,,,,,,,,,,
249669,150.661317,1.660154,4.54652,Subaru (Mosaics),V,B,Teo,more blue than red,http://zoo-hst.s3.amazonaws.com/20005992.jpg,,,,,,,,,,,,
826212,150.103595,2.550771,4.27786,,,,,,http://zoo-hst.s3.amazonaws.com/20148180.jpg,,,,,,,,,,,,
510152,149.506735,2.074693,4.04988,,,,,,http://zoo-hst.s3.amazonaws.com/20076905.jpg,,,,,,,,,,,,
509765,150.478845,2.072056,5.53185,,,,,,http://zoo-hst.s3.amazonaws.com/20055810.jpg,,,,,,,,,,,,
824019,149.695846,2.549033,3.92027,,,,,,http://zoo-hst.s3.amazonaws.com/20158217.jpg,,,,,,,,,,,,
518166,150.418351,2.08515,4.42196,,,,,,http://zoo-hst.s3.amazonaws.com/20056888.jpg,,,,,,,,,,,,
551328,149.668021,2.135345,6.18763,Subaru (Mosaics),V,B,Teo,both decrease but the lines are close to each other,http://zoo-hst.s3.amazonaws.com/20102095.jpg,,,,,,,,,,,,
555646,150.390471,2.144525,4.7315,,,,,,http://zoo-hst.s3.amazonaws.com/20088251.jpg,,,,,,,,,,,,
874308,150.520982,2.625424,6.58545,,,,,,http://zoo-hst.s3.amazonaws.com/20169401.jpg,,,,,,,,,,,,
872872,150.068416,2.623613,3.71005,,,,,,http://zoo-hst.s3.amazonaws.com/20148087.jpg,,,,,,,,,,,,
215847,150.365943,1.605099,4.86472,,,,,,http://zoo-hst.s3.amazonaws.com/20000989.jpg,,,,,,,,,,,,
448160,150.418149,1.976721,5.28852,Subaru (Mosaics),V,B,Teo,both decrease,http://zoo-hst.s3.amazonaws.com/20234846.jpg,,,,,,,,,,,,
572704,150.540342,2.167851,5.03534,,,,,,http://zoo-hst.s3.amazonaws.com/20084313.jpg,,,,,,,,,,,,
511953,149.944974,2.078135,3.71428,,,,,,http://zoo-hst.s3.amazonaws.com/20067900.jpg,,,,,,,,,,,,
573007,149.907328,2.169094,5.21854,,,,,,http://zoo-hst.s3.amazonaws.com/20095489.jpg,,,,,,,,,,,,
840220,149.806278,2.572439,4.91504,,,,,,http://zoo-hst.s3.amazonaws.com/20155747.jpg,,,,,,,,,,,,
501652,150.148739,2.060591,5.29033,,,,,,http://zoo-hst.s3.amazonaws.com/20063849.jpg,,,,,,,,,,,,
605519,149.960916,2.218327,5.0631,,,,,,http://zoo-hst.s3.amazonaws.com/20093965.jpg,,,,,,,,,,,,
605055,150.250244,2.214576,5.16845,,,,,,http://zoo-hst.s3.amazonaws.com/20087445.jpg,,,,,,,,,,,,
640623,150.228121,2.269775,6.80954,,,,,,http://zoo-hst.s3.amazonaws.com/20087147.jpg,,,,,,,,,,,,
639158,149.680713,2.268299,4.20894,,,,,,http://zoo-hst.s3.amazonaws.com/20100123.jpg,,,,,,,,,,,,
906741,150.665625,2.67567,7.2844,Subaru (Mosaics),V,B,Teo,blue more constant but still decreases,http://zoo-hst.s3.amazonaws.com/20165720.jpg,,,,,,,,,,,,
904278,150.262577,2.670852,6.08991,,,,,,http://zoo-hst.s3.amazonaws.com/20173701.jpg,,,,,,,,,,,,
627520,149.921141,2.250367,5.01442,Subaru (Mosaics),V,B,Teo,both decrease,http://zoo-hst.s3.amazonaws.com/20093757.jpg,,,,,,,,,,,,
577761,150.324219,2.176493,4.31601,,,,,,http://zoo-hst.s3.amazonaws.com/20088083.jpg,,,,,,,,,,,,
637663,150.672196,2.264069,4.89329,,,,,,http://zoo-hst.s3.amazonaws.com/20079052.jpg,,,,,,,,,,,,
580295,149.762463,2.180071,5.09913,,,,,,http://zoo-hst.s3.amazonaws.com/20099106.jpg,,,,,,,,,,,,
633493,149.991408,2.259869,3.70405,,,,,,http://zoo-hst.s3.amazonaws.com/20092763.jpg,,,,,,,,,,,,
615692,149.779111,2.232734,4.2299,,,,,,http://zoo-hst.s3.amazonaws.com/20097464.jpg,,,,,,,,,,,,
611879,149.895321,2.227805,3.97177,,,,,,http://zoo-hst.s3.amazonaws.com/20093914.jpg,,,,,,,,,,,,
610703,150.342438,2.226237,3.90691,,,,,,http://zoo-hst.s3.amazonaws.com/20086489.jpg,,,,,,,,,,,,
613023,150.442859,2.2299,4.35375,,,,,,http://zoo-hst.s3.amazonaws.com/20083307.jpg,,,,,,,,,,,,
669348,149.974735,2.314903,5.55443,,,,,,http://zoo-hst.s3.amazonaws.com/20124506.jpg,,,,,,,,,,,,
930844,149.716256,2.71096,5.20705,,,,,,http://zoo-hst.s3.amazonaws.com/20185100.jpg,,,,,,,,,,,,
596339,149.961976,2.201885,6.3637,,,,,,http://zoo-hst.s3.amazonaws.com/20095789.jpg,,,,,,,,,,,,
948105,149.610042,2.740902,4.07105,,,,,,http://zoo-hst.s3.amazonaws.com/20185747.jpg,,,,,,,,,,,,
596188,150.573088,2.203472,5.15963,,,,,,http://zoo-hst.s3.amazonaws.com/20081472.jpg,,,,,,,,,,,,
426798,149.826641,1.941273,6.07279,Subaru (Mosaics),V,B,Teo,"blue stays more constant, red is weird, decreases then increases then again decreases",http://zoo-hst.s3.amazonaws.com/20043469.jpg,,,,,,,,,,,,
801764,149.913209,2.5122,6.37349,Subaru (Mosaics),V,B,Teo,"blue stays more constant, red decreases",http://zoo-hst.s3.amazonaws.com/20153804.jpg,,,,,,,,,,,,
753422,150.431158,2.439845,4.6962,Subaru (Mosaics),V,B,Teo,blue decreases more ,http://zoo-hst.s3.amazonaws.com/20110546.jpg,,,,,,,,,,,,
878287,150.041873,2.629447,4.61719,Subaru (Mosaics),V,B,Teo,the point looked like it wasn't on the object,http://zoo-hst.s3.amazonaws.com/20179989.jpg,,,,,,,,,,,,
456796,150.278348,1.990162,3.8438,Subaru (Mosaics),V,B,Teo,same as below,http://zoo-hst.s3.amazonaws.com/20062790.jpg,,,,,,,,,,,,
812706,150.505003,2.530995,3.80302,Subaru (Mosaics),V,B,Teo,same as below,http://zoo-hst.s3.amazonaws.com/20141528.jpg,,,,,,,,,,,,
768111,150.370115,2.462272,5.44368,Subaru (Mosaics),V,B,Teo,same as below,http://zoo-hst.s3.amazonaws.com/20145051.jpg,,,,,,,,,,,,
905927,150.68372,2.672757,4.77212,Subaru (Mosaics),V,B,Teo,"both decreasing, red decreases at a higher rate",http://zoo-hst.s3.amazonaws.com/20165736.jpg,,,,,,,,,,,,
768966,150.639042,2.464418,4.22111,Subaru (Mosaics),V,B,Teo,same as below,http://zoo-hst.s3.amazonaws.com/20138011.jpg,,,,,,,,,,,,
487826,150.652174,2.038171,5.10985,Subaru (Mosaics),V,B,Teo,"blue stays more constant, red decreases",http://zoo-hst.s3.amazonaws.com/20054161.jpg,,,,,,,,,,,,
856060,150.052303,2.594779,4.35743,Subaru (Mosaics),V,B,Teo,"lines very close to each other, still more red, still decreasing",http://zoo-hst.s3.amazonaws.com/20150783.jpg,,,,,,,,,,,,
761339,149.850163,2.452241,4.18327,Subaru (Mosaics),V,B,Teo,same as below,http://zoo-hst.s3.amazonaws.com/20125661.jpg,,,,,,,,,,,,
763207,150.630237,2.454545,4.11033,Subaru (Mosaics),V,B,Teo,both decrease at the same rate with red on top,http://zoo-hst.s3.amazonaws.com/20107397.jpg,,,,,,,,,,,,
803830,150.600655,2.518795,4.14466,Subaru (Mosaics),V,B,Teo,both decrease at the same rate,http://zoo-hst.s3.amazonaws.com/20137619.jpg,,,,,,,,,,,,
804324,150.022402,2.516541,6.46948,Subaru (Mosaics),V,B,Teo,red decreases faster than blue,http://zoo-hst.s3.amazonaws.com/20152699.jpg,,,,,,,,,,,,
804330,150.405759,2.517993,5.9815,Subaru (Mosaics),V,B,Teo,"both of them increase, % shows that at larger distance blue increases, red decreases",http://zoo-hst.s3.amazonaws.com/20141849.jpg,,,,,,,,,,,,
444480,150.323495,1.971381,3.92124,Subaru (Mosaics),V,B,Teo,"both of them decrease, more red than blue",http://zoo-hst.s3.amazonaws.com/20061938.jpg,,,,,,,,,,,,
805633,150.232047,2.51936,5.5756,Subaru (Mosaics),V,B,Teo,both decrease; lines are identical; image looks like two galaxies next to each other,http://zoo-hst.s3.amazonaws.com/20145705.jpg,,,,,,,,,,,,
443428,149.580414,1.967804,5.20807,Subaru (Mosaics),V,B,Teo,same thing as the one below,http://zoo-hst.s3.amazonaws.com/20076153.jpg,,,,,,,,,,,,
920814,150.125437,2.697867,3.86171,Subaru (Mosaics),V,B,Teo,the lines are close so each; still decreasing; weird plot for% again,http://zoo-hst.s3.amazonaws.com/20177988.jpg,,,,,,,,,,,,
443852,150.424721,1.969431,4.30718,Subaru (Mosaics),V,B,Teo,"both decrease, the percentage graph looks a bit weird",http://zoo-hst.s3.amazonaws.com/20059069.jpg,,,,,,,,,,,,
446464,150.248681,1.972362,6.24641,Subaru (Mosaics),V,B,Teo,red decreases faster than blue,http://zoo-hst.s3.amazonaws.com/20062881.jpg,,,,,,,,,,,,
930422,149.573144,2.710603,5.719,Subaru (Mosaics),V,B,Teo,both increase and then they are decreasing,http://zoo-hst.s3.amazonaws.com/20185912.jpg,,,,,,,,,,,,
931801,150.645241,2.71476,7.75309,Subaru (Mosaics),V,B,Teo,both are decreasing,http://zoo-hst.s3.amazonaws.com/20164323.jpg,,,,,,,,,,,,
1001008,149.669301,2.826543,4.2111,Subaru (Mosaics),V,B,Teo,couldn't view the image,http://zoo-hst.s3.amazonaws.com/20198496.jpg,,,,,,,,,,,,
643256,149.856775,2.273135,5.37267,Subaru (Mosaics),V,B,Teo,"red decreases, blue stays constant",http://zoo-hst.s3.amazonaws.com/20096249.jpg,,,,,,,,,,,,
,,,,,,,,,,,,,,,,,,,,,
,,,,,,,,,,,,,,,,,,,,,
NON-AGNS,,,,,,,,,,,,,,,,,,,,,
479295,149.490691,2.026158,5.6373,Subaru,V,B,Ishbel,very very faint,,,,,,,,,,,,,
599093,149.584295,2.210447,3.79525,Subaru,V,B,Ishbel,No variation in blue intensity just constantly v low. Slight decrease in red intensity.  Basically constant %.,,,,,,,,,,,,,
426691,149.614197,1.939609,7.06095,Subaru,V,B,Ishbel,two galaxies joined together,,,,,,,,,,,,,
666311,149.647389,2.311388,4.46959,Subaru,V,B,Ishbel,"Object really faint, Big object below it.... Both constant, basically a null result?",,,,,,,,,,,,,
486747,149.744328,2.038164,4.28237,Subaru,V,B,Ishbel,Point not on the object,,,,,,,,,,,,,
573095,149.74961,2.168825,4.31946,Subaru,V,B,Ishbel,"faint, decrease as radius increases, red % increase as radius increases",,,,,,,,,,,,,
817815,149.86662,2.538362,5.7243,Subaru,V,B,Ishbel,weird massive blob ,,,,,,,,,,,,,
598872,149.93641,2.209146,3.89165,Subaru,V,B,Ishbel,"Straight line both decrease. Around 15 on brightness, which is lower than most of the agns. Constant % through out.",,,,,,,,,,,,,
485148,149.977231,2.037398,3.60268,Subaru,V,B,Ishbel,Really random %. Up and down a lot.,,,,,,,,,,,,,
797456,149.999408,2.510391,4.86891,Subaru,V,B,Ishbel,"Bluer core, weird pattern. Could be 2 galaxies - would need to look at picture ",,,,,,,,,,,,,
930968,150.062943,2.711977,5.34523,Subaru,V,B,Ishbel,Not on the galaxy ,,,,,,,,,,,,,
456823,150.135573,1.990064,3.72974,Subaru,V,B,Ishbel,Classic non-AGN,,,,,,,,,,,,,
818815,150.189949,2.538093,4.99854,Subaru,V,B,Ishbel,weird merger thing . Classic non-AGN ,,,,,,,,,,,,,
551551,150.236974,2.138959,4.70906,Subaru,V,B,Ishbel,"General trend of decreasing as the radius increases, red is higher than blue throughout by same amount. % had a budge in it",,,,,,,,,,,,,
814950,150.27272,2.534354,4.93624,Subaru,V,B,Ishbel,Classic non-AGN,,,,,,,,,,,,,
880282,150.274004,2.631872,5.93809,Subaru,V,B,Ishbel,Almost classic non-AGN bar wee kink near end,,,,,,,,,,,,,
595481,150.31978,2.200825,8.58663,Subaru,V,B,Ishbel,"Huge,  red decreases more than blue which is almost constant. % sort of creates a sine wave. Blue a lot lower than red. ",,,,,,,,,,,,,
596558,150.329456,2.202851,6.97338,Subaru,V,B,Ishbel,3 galaxies merging? Red decreases through out where as strength of blue does really decrease. Constant percentage through out,,,,,,,,,,,,,
753883,150.350926,2.441748,4.08318,Subaru,V,B,Ishbel,"Lower magnitude, classic non-AGN pattern",,,,,,,,,,,,,
990935,150.367086,2.810595,3.59109,Subaru,V,B,Ishbel,Bluer core than red,,,,,,,,,,,,,
554122,150.421367,2.140834,5.27581,Subaru,V,B,Ishbel,constant %,,,,,,,,,,,,,
596761,150.45656,2.210514,6.11395,Subaru,V,B,Ishbel,Had to keep the radius really small as there was lots of noise. More % blue in core than red only just. Point wasnt quite on galaxy,,,,,,,,,,,,,
599961,150.485517,2.20687,6.71675,Subaru,V,B,Ishbel,In between two galaxies possibly merging? ,,,,,,,,,,,,,
552529,150.505914,2.140288,3.88199,Subaru,V,B,Ishbel,Almost non-AGN structure just not as extreme,,,,,,,,,,,,,
437093,150.543448,1.958793,3.90149,Subaru,V,B,Ishbel,"red decreases in agitude as r increases, blue constant",,,,,,,,,,,,,
483955,150.544439,2.033023,4.52376,Subaru,V,B,Ishbel,"Classic non-AGN magnitude, almost classic % bar weird kink",,,,,,,,,,,,,
754201,150.549415,2.442445,4.19507,Subaru,V,B,Ishbel,Almost classic non-AGN slightly too much decrease in blue to be full on classc,,,,,,,,,,,,,
808490,150.618714,2.525888,5.4815,Subaru,V,B,Ishbel,3 galaxies really close together. Gets redder towards outside but dont think we can keep this one.,,,,,,,,,,,,,
934303,150.635061,2.717172,5.23223,Subaru,V,B,Ishbel,Both decrease. Very low percentage of blue. Slight rise half way out. ,,,,,,,,,,,,,
858925,150.717535,2.601704,4.01328,Subaru,V,B,Ishbel,"General trend of decreasing as the radius increases, red is higher than blue throughout by same amount.",,,,,,,,,,,,,
818838,150.726414,2.539612,5.81772,Subaru,V,B,Ishbel,Merger,,,,,,,,,,,,,
,,,,,,,,,,,,,,,,,,,,,
508437,150.48379,2.071252,4.48603,,,,,,,,,,,,,,,,,,
208048,150.176803,1.594989,4.03165,,,,,,,,,,,,,,,,,,
506681,150.211471,2.069093,6.06982,,,,,,,,,,,,,,,,,,
510518,150.291481,2.073071,5.12346,,,,,,,,,,,,,,,,,,
504031,150.045011,2.063471,3.94906,,,,,,,,,,,,,,,,,,
503138,150.146627,2.062968,5.16845,,,,,,,,,,,,,,,,,,
936752,149.65509,2.721739,4.18211,,,,,,,,,,,,,,,,,,
621265,149.934471,2.24247,4.21117,,,,,,,,,,,,,,,,,,
624814,150.195351,2.246358,3.85194,,,,,,,,,,,,,,,,,,
601317,149.828757,2.212309,4.37975,,,,,,,,,,,,,,,,,,
590831,150.087887,2.194555,5.42701,,,,,,,,,,,,,,,,,,
862431,149.935475,2.604228,5.90955,,,,,,,,,,,,,,,,,,
976737,150.526784,2.78515,5.38458,,,,,,,,,,,,,,,,,,
938172,150.092846,2.734433,10.85406,,,,,,,,,,,,,,,,,,
887121,150.360392,2.644798,4.00437,,,,,,,,,,,,,,,,,,
317772,150.390295,1.76965,4.927,,,,,,,,,,,,,,,,,,
881252,150.712376,2.633416,6.38086,,,,,,,,,,,,,,,,,,
986942,150.431892,2.802628,4.05988,,,,,,,,,,,,,,,,,,
308353,149.808679,1.753179,5.21107,,,,,,,,,,,,,,,,,,
899065,150.643917,2.665543,4.47621,,,,,,,,,,,,,,,,,,
783743,149.93968,2.488034,5.20116,,,,,,,,,,,,,,,,,,
400895,150.757774,1.901812,3.58806,,,,,,,,,,,,,,,,,,
479035,149.831034,2.025987,3.89216,,,,,,,,,,,,,,,,,,
733796,149.670145,2.408044,4.75596,,,,,,,,,,,,,,,,,,
440010,150.51051,1.962739,5.65427,,,,,,,,,,,,,,,,,,
736471,150.075213,2.41524,4.41982,,,,,,,,,,,,,,,,,,
500650,149.540224,2.059944,4.84909,,,,,,,,,,,,,,,,,,
806508,149.889828,2.52183,4.64281,,,,,,,,,,,,,,,,,,
453783,150.197559,1.985741,6.53882,,,,,,,,,,,,,,,,,,
804112,149.866121,2.520293,4.99875,,,,,,,,,,,,,,,,,,
961641,150.400696,2.760769,4.72278,,,,,,,,,,,,,,,,,,
654973,150.694011,2.291338,6.98885,,,,,,,,,,,,,,,,,,
962540,150.350263,2.762608,5.41013,,,,,,,,,,,,,,,,,,
962936,150.358287,2.764751,4.50478,,,,,,,,,,,,,,,,,,
643987,150.004316,2.276823,3.89233,,,,,,,,,,,,,,,,,,
627781,149.753764,2.251167,3.84194,,,,,,,,,,,,,,,,,,
945269,149.529768,2.733758,5.42353,,,,,,,,,,,,,,,,,,
556341,150.29319,2.145842,4.19264,,,,,,,,,,,,,,,,,,
946918,150.389504,2.739479,3.70248,,,,,,,,,,,,,,,,,,
942345,149.479864,2.729231,5.09153,,,,,,,,,,,,,,,,,,
942347,150.732244,2.730041,4.49077,,,,,,,,,,,,,,,,,,
637185,149.705398,2.263652,7.72576,,,,,,,,,,,,,,,,,,
575446,149.880198,2.173003,4.47217,,,,,,,,,,,,,,,,,,
619051,150.709648,2.237109,5.23669,,,,,,,,,,,,,,,,,,
921446,150.331484,2.69901,3.64664,,,,,,,,,,,,,,,,,,
606853,149.860189,2.220465,5.58371,,,,,,,,,,,,,,,,,,
612744,150.039191,2.228478,4.7948,,,,,,,,,,,,,,,,,,
538696,150.528719,2.119385,3.92606,,,,,,,,,,,,,,,,,,
781581,149.73175,2.484156,4.5797,,,,,,,,,,,,,,,,,,
531390,149.710389,2.107654,3.97266,,,,,,,,,,,,,,,,,,
731718,150.079561,2.406822,6.81251,,,,,,,,,,,,,,,,,,
815565,149.962936,2.536748,3.75704,,,,,,,,,,,,,,,,,,
435423,150.42644,1.955153,4.14971,,,,,,,,,,,,,,,,,,
529051,149.885965,2.102338,5.34194,,,,,,,,,,,,,,,,,,
795331,150.692826,2.524164,180.59309,,,,,,,,,,,,,,,,,,
783533,150.553314,2.486099,4.93793,,,,,,,,,,,,,,,,,,
454533,149.969776,1.988048,4.71582,,,,,,,,,,,,,,,,,,
592458,150.005023,2.199546,5.57557,,,,,,,,,,,,,,,,,,
529834,150.516242,2.103513,7.14776,,,,,,,,,,,,,,,,,,
420447,149.795886,1.930913,4.67042,,,,,,,,,,,,,,,,,,
847147,150.216716,2.583412,4.1145,,,,,,,,,,,,,,,,,,
530841,150.589461,2.105694,6.17167,,,,,,,,,,,,,,,,,,
498357,150.21844,2.057749,7.79026,,,,,,,,,,,,,,,,,,
835071,149.510156,2.562589,5.70472,,,,,,,,,,,,,,,,,,
232739,150.33744,1.633584,5.08526,,,,,,,,,,,,,,,,,,
546249,150.128423,2.127127,5.04352,,,,,,,,,,,,,,,,,,
498848,150.076791,2.065636,7.07802,,,,,,,,,,,,,,,,,,
566626,149.857188,2.161991,4.13974,,,,,,,,,,,,,,,,,,
566989,150.18111,2.158829,5.43616,,,,,,,,,,,,,,,,,,
249385,150.077174,1.65779,5.2206,,,,,,,,,,,,,,,,,,
249989,150.685402,1.661076,4.73796,,,,,,,,,,,,,,,,,,
506625,150.423203,2.06889,3.83799,,,,,,,,,,,,,,,,,,
250122,150.685519,1.661562,4.71871,,,,,,,,,,,,,,,,,,
507133,150.562878,2.070134,4.48206,,,,,,,,,,,,,,,,,,
815426,150.619239,2.535174,4.81558,,,,,,,,,,,,,,,,,,
770181,149.818166,2.466852,3.92116,,,,,,,,,,,,,,,,,,
487507,150.330253,2.039883,4.46468,,,,,,,,,,,,,,,,,,
492719,150.41778,2.057447,9.62034,,,,,,,,,,,,,,,,,,
466425,150.298582,2.007135,3.83341,,,,,,,,,,,,,,,,,,
762959,149.997658,2.453661,4.67392,,,,,,,,,,,,,,,,,,
758290,150.719963,2.446741,5.53067,,,,,,,,,,,,,,,,,,
763002,149.60751,2.454463,5.44331,,,,,,,,,,,,,,,,,,
953904,149.783844,2.748775,4.28481,,,,,,,,,,,,,,,,,,
758597,149.821226,2.446527,7.57502,,,,,,,,,,,,,,,,,,
759378,150.63327,2.44846,5.38952,,,,,,,,,,,,,,,,,,
443302,150.28449,1.96727,4.25587,,,,,,,,,,,,,,,,,,
818329,150.661329,2.539961,5.19868,,,,,,,,,,,,,,,,,,
443369,150.503649,1.967488,6.51898,,,,,,,,,,,,,,,,,,
620318,150.312323,2.242664,3.48485,,,,,,,,,,,,,,,,,,
622993,149.731924,2.245554,3.51698,,,,,,,,,,,,,,,,,,
623189,150.052851,2.243507,4.33998,,,,,,,,,,,,,,,,,,
779250,150.324867,2.484068,8.52333,,,,,,,,,,,,,,,,,,
849908,150.383766,2.587095,5.66347,,,,,,,,,,,,,,,,,,
